{
  "episode": [
    50,
    100,
    150,
    200,
    250,
    300,
    350,
    400,
    450,
    500,
    550,
    600,
    650,
    700,
    750,
    800,
    850,
    900,
    950,
    1000
  ],
  "capture_rate": [
    0.34,
    0.38,
    0.66,
    0.68,
    0.6,
    0.62,
    0.64,
    0.7,
    0.52,
    0.62,
    0.58,
    0.6,
    0.72,
    0.66,
    0.64,
    0.62,
    0.68,
    0.46,
    0.6,
    0.56
  ],
  "avg_capture_time": [
    15.176470588235293,
    14.157894736842104,
    32.303030303030305,
    34.61764705882353,
    37.333333333333336,
    34.70967741935484,
    41.75,
    32.17142857142857,
    42.42307692307692,
    27.70967741935484,
    29.413793103448278,
    39.13333333333333,
    40.27777777777778,
    29.939393939393938,
    35.65625,
    43.96774193548387,
    34.0,
    32.26086956521739,
    31.6,
    28.035714285714285
  ],
  "avg_cost": [
    174.32,
    164.76,
    126.64,
    126.08,
    143.8,
    137.04,
    142.44,
    119.04,
    163.12,
    128.36,
    138.12,
    145.96,
    127.0,
    123.52,
    134.64,
    148.52,
    125.24,
    163.68,
    136.92,
    140.4
  ],
  "timeout_rate": [
    0.66,
    0.62,
    0.34,
    0.32,
    0.4,
    0.38,
    0.36,
    0.3,
    0.48,
    0.38,
    0.42,
    0.4,
    0.28,
    0.34,
    0.36,
    0.38,
    0.32,
    0.54,
    0.4,
    0.44
  ],
  "belief_loss_p": [
    5.705565452575684,
    5.711291790008545,
    5.766852378845215,
    5.751988410949707,
    5.728410243988037,
    5.729740142822266,
    5.743487358093262,
    5.7557172775268555,
    5.725272178649902,
    5.734560489654541,
    5.702094078063965,
    5.705549240112305,
    5.750715255737305,
    5.749763488769531,
    5.744112968444824,
    5.735007286071777,
    5.763733863830566,
    5.756914138793945,
    5.745720863342285,
    5.727566719055176
  ],
  "belief_loss_e": [
    5.327456951141357,
    5.330054759979248,
    5.320288181304932,
    5.317478656768799,
    5.316403388977051,
    5.345681190490723,
    5.326194763183594,
    5.342625617980957,
    5.331413745880127,
    5.330960750579834,
    5.354654788970947,
    5.32354736328125,
    5.3569207191467285,
    5.325201988220215,
    5.317419052124023,
    5.311641216278076,
    5.318572044372559,
    5.326415061950684,
    5.332930564880371,
    5.328126430511475
  ],
  "regret_loss_p": [
    0.014619417488574982,
    0.006200794596225023,
    0.068305104970932,
    0.10626941174268723,
    0.03173844516277313,
    7.541260719299316,
    10.521888732910156,
    7.155987739562988,
    188.56439208984375,
    0.02962815761566162,
    0.06324918568134308,
    0.14276672899723053,
    21.16796875,
    87.71991729736328,
    22.93427085876465,
    16.01000213623047,
    0.1533527374267578,
    0.05400713533163071,
    1.1823116540908813,
    0.0890774205327034
  ],
  "regret_loss_e": [
    18.5682430267334,
    65.9398193359375,
    6.677565574645996,
    0.19850927591323853,
    7.424877643585205,
    1.910584807395935,
    18.652929306030273,
    45.410160064697266,
    0.10443306714296341,
    0.2859436273574829,
    15.277263641357422,
    24.098838806152344,
    0.2077590674161911,
    2.7099368572235107,
    2.857696771621704,
    66.99234008789062,
    11.431965827941895,
    6.486289978027344,
    13.355717658996582,
    0.023073339834809303
  ],
  "value_loss_p": [
    26500.09765625,
    23311.724609375,
    15053.02734375,
    5619.42919921875,
    6172.4541015625,
    5701.47412109375,
    5589.57568359375,
    6794.40966796875,
    4618.45849609375,
    6303.56201171875,
    4210.96923828125,
    4595.48974609375,
    4082.964599609375,
    4663.056640625,
    4842.95654296875,
    3832.173828125,
    4480.119140625,
    4259.91455078125,
    4511.7294921875,
    3721.79638671875
  ],
  "value_loss_e": [
    27210.359375,
    26584.310546875,
    15666.443359375,
    10901.08203125,
    6612.39013671875,
    5879.953125,
    6022.3818359375,
    4092.07568359375,
    3457.012939453125,
    4809.6826171875,
    4639.9306640625,
    4448.6279296875,
    4457.7919921875,
    4002.68798828125,
    3870.39990234375,
    4103.5732421875,
    4629.2451171875,
    4190.501953125,
    3539.33984375,
    4779.84716796875
  ]
}